{
    "back_camera-intrinsic": {
        "sensor_name": "back_camera",
        "target_sensor_name": "back_camera",
        "device_type": "camera",
        "param_type": "intrinsic",
        "param": {
            "img_dist_w": 1280,
            "img_dist_h": 960,
            "cam_K": {
                "rows": 3,
                "cols": 3,
                "type": 6,
                "continuous": true,
                "data": [
                    [
                        1.00072613287850,
                        0.00910848542177837,
                        636.592532191586
                    ],
                    [
                       -0.0128416790626090,
                        1.0,
                        481.995376068163
                    ],
                    [
                        0.00000000,   0.00000000,   1.00000000
                    ]
                ]
            },
            "cam_dist": {
                "rows": 1,
                "cols": 11,
                "type": 6,
                "continuous": true,
                "data": [
                    [
 634.223727680249,
                        497.013809284783,
                        51.0823656921135,
                        43.1982312709387,
                        58.3987417140783,
                        -0.786440810451800,
                        21.4890937731575,
                        87.2032077245089,
                        77.1703758754288,
                        28.5823999438893,
                        3.97434815335757
                    ]
                ]
            }
        }
    }
}
