{
    "front_camera-intrinsic": {
        "sensor_name": "front_camera",
        "target_sensor_name": "front_camera",
        "device_type": "camera",
        "param_type": "intrinsic",
        "param": {
            "img_dist_w": 1280,
            "img_dist_h": 960,
            "cam_K": {
                "rows": 3,
                "cols": 3,
                "type": 6,
                "continuous": true,
                "data": [
                    [
                        1.00333369913690,
                        -0.00770572485158617,
                        637.271073098555
                    ],
                    [
                       0.000624,
                        1.0,
                        481.063195334382
                    ],
                    [
                        0.00000000,   0.00000000,   1.00000000
                    ]
                ]
            },
            "cam_dist": {
                "rows": 1,
                "cols": 11,
                "type": 6,
                "continuous": true,
                "data": [
                    [
                        632.818392139069,
                        498.911802110656,
                        49.2803876718356,
                        37.2057215970639,
                        60.1406827123159,
                        -0.822641044386523,
                        8.83121902946869,
                        74.1504612901128,
                        73.0334326167558,
                        28.7576132525368,
                        4.19677512613552
                    ]
                ]
            }
        }
    }
}
