{
    "left_camera-intrinsic": {
        "sensor_name": "left_camera",
        "target_sensor_name": "left_camera",
        "device_type": "camera",
        "param_type": "intrinsic",
        "param": {
            "img_dist_w": 1280,
            "img_dist_h": 960,
            "cam_K": {
                "rows": 3,
                "cols": 3,
                "type": 6,
                "continuous": true,
                "data": [
                    [
                        0.999038720746307,
                        -0.0154048372222442,
                        634.845764790671
                    ],
                    [
                       0.0171000071151116,
                        1.0,
                        479.987705398475
                    ],
                    [
                        0.00000000,   0.00000000,   1.00000000
                    ]
                ]
            },
            "cam_dist": {
                "rows": 1,
                "cols": 11,
                "type": 6,
                "continuous": true,
                "data": [
                    [
                       621.368064947863,
                        452.524238491099,
                        -1.96768497756136,
                        33.0042923829772,
                        62.7177841038533,
                        -38.1019929117267,
                        -5.45133661888784,
                        123.720303537902,
                        130.265550941856,
                        52.6667901479627,
                        7.82140102309320
                    ]
                ]
            }
        }
    }
}
