{
    "right_camera-intrinsic": {
        "sensor_name": "right_camera",
        "target_sensor_name": "right_camera",
        "device_type": "camera",
        "param_type": "intrinsic",
        "param": {
            "img_dist_w": 1280,
            "img_dist_h": 960,
            "cam_K": {
                "rows": 3,
                "cols": 3,
                "type": 6,
                "continuous": true,
                "data": [
                    [
                        0.999131192464739,
                        0.00486428847588945,
                        638.929739598481
                    ],
                    [
                        -0.00543011022575845,
                        1.0,
                        479.292513749742
                    ],
                    [
                       0.00000000,   0.00000000,   1.00000000
                    ]
                ]
            },
            "cam_dist": {
                "rows": 1,
                "cols": 11,
                "type": 6,
                "continuous": true,
                "data": [
                    [
624.946904670365,
                        472.575748323389,
                        24.1521654352641,
                        33.6497032808934,
                        59.2640560525965,
                        -14.4156240547439,
                        4.02905021873385,
                        89.3129272097027,
                        89.8572802875448,
                        35.5312335709116,
                        5.18936690951911
                    ]
                ]
            }
        }
    }
}
